10,9,32,12345
0,39.850357099999997,116.28635319999999,0
1587430420.5453713,39.850358499999999,116.2863648,-172.33500000000001
1587430421.8279102,39.850359699999998,116.2863766,-172.27699999999999
1587430423.0450606,39.850360600000002,116.28638840000001,-173.10599999999999
1587430424.2310932,39.850361900000003,116.2864,-174.15600000000001
1587430425.1089368,39.850363299999998,116.28641159999999,-174.988
1587430426.0495467,39.8503641,116.2864233,-177.489
1587430426.9476459,39.8503647,116.28643510000001,-178.54599999999999
1587430427.8306425,39.850365199999999,116.286447,-179.00399999999999
1587430428.7343252,39.850365099999998,116.28645880000001,-178.977
1587430429.6328855,39.850365400000001,116.2864708,-179.352
1587430430.5514414,39.850365799999999,116.2864826,-178.429
1587430431.451515,39.850366299999997,116.2864944,-177.07900000000001
1587430432.3907044,39.850366800000003,116.2865063,-175.364
1587430433.3094234,39.850367599999998,116.286518,-174.125
1587430434.2687669,39.850368600000003,116.2865297,-173.72300000000001
1587430435.1676729,39.850369899999997,116.2865414,-173.203
1587430436.1485732,39.850371000000003,116.2865532,-172.89599999999999
1587430437.0882521,39.850372100000001,116.286565,-173.16499999999999
1587430438.0073738,39.850372999999998,116.2865769,-175.77600000000001
1587430438.9934051,39.850373400000002,116.2865889,-179.64599999999999
1587430439.9685969,39.850373500000003,116.2866009,178.81700000000001
1587430440.9489884,39.850373400000002,116.28661289999999,177.83000000000001
1587430441.9514334,39.8503732,116.2866247,177.98699999999999
1587430442.9325109,39.850373099999999,116.2866365,-179.63499999999999
1587430443.8924172,39.850373599999998,116.2866482,-171.934
1587430444.8480461,39.850375499999998,116.2866597,-163.24600000000001
1587430445.8135655,39.850378399999997,116.2866709,-154.68600000000001
1587430446.8150711,39.8503829,116.2866812,-145.68100000000001
1587430447.7342851,39.850388199999998,116.28669069999999,-134.64699999999999
1587430448.6748838,39.8503951,116.2866985,-128.334
0,39.850402199999998,116.2867057,0
11,7,19,12345
0,39.850794999999998,116.28653129999999,0
1587431085.1240196,39.850790799999999,116.2865597,-171.73500000000001
1587431090.4013958,39.8507921,116.2865714,-171.715
1587431091.7234426,39.850793500000002,116.2865831,-171.63900000000001
1587431092.8623352,39.850794999999998,116.2865949,-171.44999999999999
1587431093.9870284,39.850796299999999,116.2866065,-171.47800000000001
1587431095.1277626,39.850797499999999,116.2866183,-171.47800000000001
1587431096.145175,39.850799000000002,116.28662989999999,-171.369
1587431097.2015772,39.8508,116.2866417,-171.239
1587431098.2684355,39.850801599999997,116.28665340000001,-171.30600000000001
1587431099.305527,39.8508031,116.28666509999999,-171.51300000000001
1587431100.285393,39.850804699999998,116.2866768,-171.45099999999999
1587431101.2875059,39.850806499999997,116.2866885,-171.369
1587431102.3046732,39.850807699999997,116.28670030000001,-171.465
1587431103.3862107,39.850808800000003,116.28671199999999,-172.46600000000001
1587431104.4059312,39.850810099999997,116.2867236,-173.88
1587431105.3874247,39.850811100000001,116.2867353,-174.70599999999999
1587431106.3660758,39.850811899999997,116.2867471,-175.215
0,39.850812900000001,116.2867588,0
11,8,25,12345
0,39.850794999999998,116.28653129999999,0
1586305216.1841438,39.850792427477018,116.28653878898699,-159.88890000000001
1586305216.8523161,39.850795502631257,116.28655003409155,-163.46350000000001
1586305217.6032822,39.850797560317233,116.28656174657283,-176.0283
1586305218.3026738,39.85079784606998,116.28657370683452,174.07220000000001
1586305219.0127175,39.850796501403373,116.28658544899147,167.69280000000001
1586305219.7230597,39.850794149996055,116.28659704121903,162.624
1586305220.4485455,39.85079101805804,116.28660804894908,156.4486
1586305221.1638393,39.850786943875029,116.28661877860844,150.8073
1586305221.9042101,39.850781857275756,116.28662858618561,137.5763
1586305222.6041787,39.850775372818717,116.28663699362859,129.76849999999999
1586305223.3452091,39.850768176605094,116.28664427835577,123.4649
1586305224.0494597,39.850760310009619,116.28665037716547,117.6332
1586305224.7281873,39.850752205267447,116.28665559627574,114.42749999999999
1586305225.4388278,39.85074378298566,116.28666029133736,111.0577
1586305226.1435339,39.850735335532761,116.28666431930324,107.8595
1586305226.8631818,39.850726632863505,116.28666771901359,105.2358
1586305227.5675719,39.850717742906049,116.2866705461732,102.5861
1586305228.246527,39.850708866885391,116.28667291179613,101.1532
1586305228.9459145,39.850699765846151,116.28667516778434,100.2543
1586305229.568784,39.850690821099633,116.28667721331935,99.542900000000003
1586305230.1607561,39.850681688889999,116.28667919087752,98.989599999999996
1586305230.721648,39.850672663934269,116.28668104025313,98.528899999999993
1586305231.2459662,39.850663706928302,116.28668277022631,98.179500000000004
0,39.850645800000002,116.2866872,0
12,11,27,12345
0,39.850762400000001,116.2862312,0
1587431040.4193368,39.8507611,116.28624000000001,-175.48699999999999
1587431041.4394894,39.850761800000001,116.2862518,-175.89699999999999
1587431042.4599948,39.850762500000002,116.2862635,-176.01900000000001
1587431043.5023406,39.850763299999997,116.28627520000001,-175.67500000000001
1587431044.5222962,39.850764099999999,116.28628689999999,-174.768
1587431045.5588691,39.850765099999997,116.2862988,-173.904
1587431046.5840385,39.850766299999997,116.28631059999999,-172.07499999999999
1587431047.6199336,39.850767599999998,116.28632229999999,-171.488
1587431048.6389515,39.850769200000002,116.2863339,-171.01499999999999
1587431049.6598961,39.850770799999999,116.2863456,-170.828
1587431050.7052515,39.850772200000002,116.2863574,-171.798
1587431051.7213173,39.850773599999997,116.28636899999999,-172.09999999999999
1587431052.7824807,39.850774800000003,116.2863809,-172.82499999999999
1587431053.7856808,39.850776099999997,116.28639250000001,-173.267
1587431054.8228576,39.850777200000003,116.28640420000001,-173.44999999999999
1587431055.879199,39.850778300000002,116.286416,-173.90799999999999
1587431056.8991737,39.850779299999999,116.2864277,-174.357
1587431057.9193914,39.850780499999999,116.28643940000001,-174.55000000000001
1587431058.9656549,39.850781400000002,116.28645109999999,-174.529
1587431060.0015328,39.850782500000001,116.2864628,-174.66800000000001
1587431061.0220132,39.850783399999997,116.28647460000001,-174.899
1587431062.0463688,39.850784300000001,116.28648630000001,-174.77500000000001
1587431063.1025519,39.850784900000001,116.28649799999999,-174.34999999999999
1587431064.1639929,39.850785999999999,116.2865098,-173.93799999999999
1587431065.1839054,39.8507873,116.2865214,-174.02099999999999
0,39.850794999999998,116.28653129999999,0
13,12,24,12345
0,39.850917099999997,116.2861262,0
1587431346.5159588,39.850897099999997,116.2861209,96.188999999999993
1587431347.6920738,39.850888099999999,116.2861223,95.766000000000005
1587431348.8360174,39.8508791,116.2861235,95.283000000000001
1587431350.0119641,39.850870100000002,116.2861247,94.091999999999999
1587431351.1354985,39.850861100000003,116.28612529999999,92.278999999999996
1587431352.1721301,39.850852099999997,116.28612560000001,91.262
1587431353.2140379,39.850843099999999,116.2861259,90.792000000000002
1587431354.2098341,39.8508341,116.2861267,90.653000000000006
1587431355.2365968,39.850825,116.2861273,90.954999999999998
1587431356.2775486,39.850815900000001,116.2861276,94.391999999999996
1587431357.3557329,39.850806900000002,116.2861292,101.991
1587431358.3928831,39.8507982,116.28613230000001,109.873
1587431359.43173,39.8507897,116.2861365,113.33499999999999
1587431360.4694753,39.850781400000002,116.2861412,114.205
1587431361.5114603,39.8507733,116.2861463,118.378
1587431362.5549471,39.850765600000003,116.2861528,134.928
1587431363.6931579,39.850759600000004,116.28616169999999,156.72399999999999
1587431364.7959037,39.850756599999997,116.2861728,177.595
1587431365.9086092,39.850756400000002,116.28618470000001,178.62799999999999
1587431367.0280881,39.850756400000002,116.2861966,-177.10599999999999
1587431368.0705161,39.850757299999998,116.2862085,-163.28700000000001
1587431369.1726332,39.850760100000002,116.2862197,-162.667
0,39.850762400000001,116.2862312,0
13,14,25,12345
0,39.850917099999997,116.2861262,0
1587430915.3128979,39.850907999999997,116.28611993051328,96.394999999999996
1587430916.3348949,39.850898899999997,116.28612143051328,96.346000000000004
1587430917.2538171,39.850889799999997,116.28612273051328,96.391000000000005
1587430918.1564846,39.850880799999999,116.28612463051327,96.301000000000002
1587430919.0957999,39.8508718,116.28612633051328,96.503
1587430920.0512638,39.850862800000002,116.28612753051328,96.605999999999995
1587430920.9949658,39.850853800000003,116.28612903051328,96.661000000000001
1587430921.8933878,39.850844899999998,116.28613083051327,96.727999999999994
1587430922.8119793,39.850835799999999,116.28613253051327,96.805000000000007
1587430923.8135965,39.8508268,116.28613423051328,97.027000000000001
1587430924.7945585,39.850817900000003,116.28613593051328,97.25
1587430925.8128886,39.850808800000003,116.28613753051327,97.079999999999998
1587430926.835217,39.850799899999998,116.28613923051327,95.444999999999993
1587430927.8720708,39.8507909,116.28613993051327,81.963999999999999
1587430928.935642,39.850781900000001,116.28613803051327,78.022999999999996
1587430929.9724708,39.850772999999997,116.28613583051327,72.691000000000003
1587430931.0347798,39.850764499999997,116.28613193051328,53.576000000000001
1587430932.1974876,39.850757600000001,116.28612423051328,36.808999999999997
1587430933.2942283,39.8507526,116.28611433051327,18.783999999999999
1587430934.2732592,39.850749700000001,116.28610313051328,7.1710000000000003
1587430935.2940376,39.850748600000003,116.28609133051327,5.5999999999999996
1587430936.3340354,39.850747200000001,116.28607953051328,4.9539999999999997
1587430937.3352535,39.850746299999997,116.28606763051327,5.1719999999999997
0,39.850744800000001,116.286064,0
14,12,15,12345
0,39.850744800000001,116.286064,0
1587431026.0220447,39.850745799999999,116.2860757,-174.023
1587431027.1590865,39.850746899999997,116.28608749999999,-174.47200000000001
1587431028.2005525,39.850748000000003,116.2860993,-174.71799999999999
1587431029.2416055,39.850748699999997,116.2861111,-174.67099999999999
1587431030.2772944,39.850749999999998,116.28612270000001,-174.95099999999999
1587431031.2816758,39.850750699999999,116.2861345,-174.905
1587431032.3015673,39.850751700000004,116.2861462,-173.96199999999999
1587431033.318536,39.850752700000001,116.28615790000001,-173.471
1587431034.3647804,39.8507538,116.2861697,-172.62700000000001
1587431035.3841498,39.850755300000003,116.2861814,-172.30000000000001
1587431036.3838723,39.850756599999997,116.28619310000001,-172.053
1587431037.3776639,39.850757899999998,116.2862047,-171.846
1587431038.4028516,39.850759199999999,116.28621649999999,-173.68899999999999
0,39.850762400000001,116.2862312,0
14,15,11,12345
0,39.850744800000001,116.286064,0
1587430939.2775781,39.8507447,116.286052,8.5090000000000003
1587430940.3134375,39.850743199999997,116.2860404,9.7010000000000005
1587430941.3341751,39.850741300000003,116.2860287,10.988
1587430942.3188183,39.850739500000003,116.2860171,12.068
1587430943.2926347,39.850737600000002,116.2860056,11.361000000000001
1587430944.3584404,39.850735700000001,116.28599389999999,9.2230000000000008
1587430945.3735735,39.850734199999998,116.2859821,7.6859999999999999
1587430946.3941298,39.850732999999998,116.2859703,6.8520000000000003
1587430947.3744895,39.8507319,116.2859586,6.4100000000000001
0,39.850730800000001,116.2859469,0
16,17,28,12345
0,39.851356199999998,116.2870968,0
1587430574.3686962,39.851362799999997,116.2870928,-83.739000000000004
1587430575.2262716,39.851371800000003,116.2870915,-84.025000000000006
1587430576.0890465,39.851380800000001,116.2870899,-84.343000000000004
1587430576.9311752,39.8513898,116.2870889,-84.513999999999996
1587430577.788661,39.851398799999998,116.2870877,-84.597999999999999
1587430578.6870353,39.851407799999997,116.2870861,-82.781000000000006
1587430579.529021,39.851416800000003,116.2870846,-81.873000000000005
1587430580.386615,39.851425900000002,116.287083,-81.477000000000004
1587430581.2691586,39.851435000000002,116.2870813,-81.534000000000006
1587430582.1474555,39.851444000000001,116.28708,-83.064999999999998
1587430582.9898298,39.851453100000001,116.2870786,-83.635999999999996
1587430583.8474956,39.851462099999999,116.2870775,-84.066000000000003
1587430584.6887619,39.851471199999999,116.2870763,-84.293000000000006
1587430585.55163,39.851480299999999,116.2870748,-83.941999999999993
1587430586.4085565,39.851489299999997,116.2870734,-82.897000000000006
1587430587.2708063,39.851498399999997,116.2870721,-82.625
1587430588.1278865,39.851507599999998,116.2870705,-82.384
1587430589.0052061,39.851516699999998,116.28706889999999,-82.465999999999994
1587430589.8676963,39.851525600000002,116.2870672,-83.030000000000001
1587430590.7299881,39.851534700000002,116.287066,-83.281000000000006
1587430591.5667765,39.851543700000001,116.2870652,-83.908000000000001
1587430592.4290757,39.851552699999999,116.287064,-84.078000000000003
1587430593.312752,39.851561699999998,116.28706270000001,-84.174999999999997
1587430594.1495461,39.851570700000003,116.28706080000001,-83.668000000000006
1587430595.0284722,39.851579800000003,116.2870594,-83.114000000000004
1587430595.9313872,39.851588900000003,116.28705789999999,-83.054000000000002
0,39.851597900000002,116.2870563,0
16,4,26,12345
0,39.851356199999998,116.2870968,0
1587430668.5652256,39.8513381,116.2870997,95.875
1587430669.6080136,39.851329100000001,116.2871009,95.914000000000001
1587430670.6455903,39.851320100000002,116.2871021,95.984999999999999
1587430671.6464038,39.851311099999997,116.2871033,95.950999999999993
1587430672.7250147,39.851302099999998,116.2871047,95.924999999999997
1587430673.7675381,39.851293200000001,116.2871066,96.298000000000002
1587430674.8461277,39.851284300000003,116.2871083,97.682000000000002
1587430675.9651995,39.851275399999999,116.28711010000001,100.414
1587430677.027858,39.851266500000001,116.2871119,101.8
1587430678.1267939,39.851257699999998,116.28711439999999,99.477999999999994
1587430679.2048419,39.8512488,116.28711629999999,86.239999999999995
1587430680.3083668,39.851239700000001,116.28711509999999,72.686999999999998
1587430681.4071863,39.851230999999999,116.2871117,71.183000000000007
1587430682.5053236,39.851222300000003,116.28710820000001,68.980000000000004
1587430683.625371,39.851213899999998,116.28710359999999,60.799999999999997
1587430684.7495847,39.851206300000001,116.2870973,49.212000000000003
1587430685.8267617,39.851199700000002,116.2870892,44.945999999999998
1587430686.9049606,39.851193100000003,116.287081,37.843000000000004
1587430688.0243242,39.851187799999998,116.2870715,25.731999999999999
1587430689.1281013,39.851184400000001,116.2870606,10.145
1587430690.2064018,39.851182899999998,116.2870489,6.2409999999999997
1587430691.2272284,39.851181400000002,116.28703729999999,5.3380000000000001
1587430692.1667306,39.8511807,116.28702560000001,5.0259999999999998
1587430693.1840549,39.851179799999997,116.2870138,4.8579999999999997
0,39.851179199999997,116.287002,0
18,13,33,12345
0,39.851117100000003,116.2862858,0
1585100381.9509764,39.851113299881064,116.28627187510759,7.7229999999999999
1585100382.7166252,39.851112103947642,116.28626004260457,7.8375000000000004
1585100383.4928665,39.851110978294614,116.2862481965238,7.9737
1585100384.294533,39.851109674625349,116.28623654062696,8.0867000000000004
1585100385.1110988,39.851108468267576,116.28622472918765,5.1863000000000001
1585100385.897187,39.851107636327988,116.28621279462723,5.2173999999999996
1585100386.7145748,39.851106661803165,116.28620108717874,7.1111000000000004
1585100387.5725613,39.85110531138892,116.28618925367476,13.912000000000001
1585100388.3995256,39.851102649520378,116.28617768655398,21.548500000000001
1585100389.2159576,39.851098884709778,116.28616679839556,29.1629
1585100390.0382013,39.851094013865975,116.28615667871857,36.8035
1585100390.8547137,39.851088146704399,116.2861474900736,44.239400000000003
1585100391.6970549,39.851081260637848,116.28613958327367,51.470999999999997
1585100392.5094094,39.851073809337777,116.28613263018519,58.053100000000001
1585100393.3525474,39.85106589469089,116.2861266308296,59.476199999999999
1585100394.1779242,39.851057831376259,116.28612108448011,65.680000000000007
1585100394.9745483,39.851049369812351,116.28611665352044,72.890299999999996
1585100395.7810061,39.851040639541353,116.2861138028448,79.474900000000005
1585100396.6184189,39.851031678405327,116.28611215027371,86.607799999999997
1585100397.4195635,39.851022679982236,116.28611193716709,94.061999999999998
1585100398.2573528,39.851013690489069,116.2861129611728,96.281499999999994
1585100399.1155345,39.851004653657562,116.28611421573083,97.145600000000002
1585100399.9523745,39.850995580300776,116.28611563892886,97.197500000000005
1585100400.8406799,39.850986513082631,116.28611710191078,96.399799999999999
1585100401.6577749,39.850977570455726,116.28611842389172,95.128399999999999
1585100402.500967,39.850968527515505,116.28611923693177,93.231800000000007
1585100403.3133726,39.850959363571533,116.28612010178685,92.555000000000007
1585100404.0985069,39.850950375921741,116.28612069767594,92.134699999999995
1585100404.8791363,39.850941344058853,116.28612109168802,91.700900000000004
1585100405.660254,39.85093226142164,116.28612128483307,91.387799999999999
1585100406.4363499,39.850923126671496,116.28612135172968,91.421300000000002
0,39.850917099999997,116.2861262,0
18,2,26,12345
0,39.851117100000003,116.2862858,0
1587430748.9650204,39.851113900000001,116.28627755515626,5.7380000000000004
1587430749.908016,39.851112800000003,116.28626585515626,5.851
1587430750.883019,39.851112000000001,116.28625415515626,7.202
1587430751.9040294,39.851110800000001,116.28624245515626,9.8979999999999997
1587430752.9055982,39.851108500000002,116.28623085515626,15.510999999999999
1587430753.8440878,39.851105799999999,116.28621965515626,16.856999999999999
1587430754.808244,39.851103600000002,116.28620815515626,17.425999999999998
1587430755.8445296,39.851101,116.28619675515625,17.648
1587430756.905822,39.851098299999997,116.28618535515625,16.364999999999998
1587430757.9051692,39.851095999999998,116.28617395515626,8.8659999999999997
1587430758.9456882,39.8510949,116.28616215515626,-6.516
1587430760.0267632,39.851096099999999,116.28615045515626,-19.276
1587430761.0840638,39.851099400000003,116.28613955515625,-33.460000000000001
1587430762.0841429,39.851104300000003,116.28612955515625,-44.789999999999999
1587430763.0695179,39.851111099999997,116.28612185515625,-48.874000000000002
1587430764.1464198,39.851118,116.28611415515626,-51.173999999999999
1587430765.1461575,39.8511253,116.28610725515625,-57.994
1587430766.1066804,39.851133099999998,116.28610095515626,-64.418999999999997
1587430767.143755,39.851141200000001,116.28609575515625,-71.981999999999999
1587430768.1852505,39.851149800000002,116.28609215515625,-78.793000000000006
1587430769.1453531,39.851158699999999,116.28609025515625,-83.007000000000005
1587430770.104228,39.851167799999999,116.28608925515626,-83.640000000000001
1587430771.00752,39.851176799999998,116.28608805515626,-84.061000000000007
1587430771.9254971,39.851185999999998,116.28608665515625,-84.334999999999994
0,39.851196899999998,116.2860822,0
2,1,42,12345
0,39.851196899999998,116.2860822,0
1586305016.5223775,39.851214041387315,116.28608732004224,-83.071299999999994
1586305017.0980341,39.851222988792024,116.28608579786309,-83.695099999999996
1586305017.6642377,39.851232107271294,116.2860842982406,-83.818399999999997
1586305018.1838369,39.851241082459318,116.28608306542397,-83.652199999999993
1586305018.7133582,39.851250131562672,116.28608182994279,-83.412199999999999
1586305019.1663346,39.851259081756908,116.28608052688496,-83.090800000000002
1586305019.6403875,39.851268295106102,116.28607896324763,-82.317400000000006
1586305020.1442416,39.851277574575434,116.28607725895377,-81.612499999999997
1586305020.6072249,39.851286705767791,116.28607526065515,-80.742699999999999
1586305021.023469,39.85129589062813,116.28607315639738,-80.143600000000006
1586305021.4454062,39.851304940801455,116.28607109882167,-79.700199999999995
1586305021.8875289,39.851313914812835,116.28606887789354,-79.713800000000006
1586305022.3265188,39.851323150869447,116.28606672257702,-80.497399999999999
1586305022.7639513,39.851332105779548,116.28606472370464,-81.409099999999995
1586305023.1967785,39.851341180694966,116.28606296302813,-82.4846
1586305023.644043,39.851350382750361,116.28606151955772,-83.799700000000001
1586305024.0864501,39.851359726214788,116.28606009989612,-84.7012
1586305024.4830208,39.851368959043874,116.28605923719499,-84.967600000000004
1586305024.8997781,39.851378442274338,116.28605815242453,-85.068600000000004
1586305025.3421767,39.851387734048764,116.28605701917797,-85.171199999999999
1586305025.764133,39.851396899717216,116.28605598748408,-85.227599999999995
1586305026.181139,39.851405981229725,116.28605493608906,-85.107699999999994
1586305026.6185269,39.851415065427631,116.28605268654935,-84.954099999999997
1586305027.0247262,39.851424223925349,116.28605132247084,-84.823499999999996
1586305027.4416499,39.851433575228839,116.28604980783396,-84.611000000000004
1586305027.858258,39.851442665526115,116.28604821514166,-84.339200000000005
1586305028.2594545,39.851451719796728,116.2860468246886,-84.106800000000007
1586305028.6810241,39.851461004454258,116.28604536541042,-83.787199999999999
1586305029.1036837,39.851470308664432,116.28604421884005,-83.518000000000001
1586305029.5252173,39.85147940949205,116.28604279167273,-83.263599999999997
1586305029.9421191,39.851488518955357,116.28604127763089,-82.873000000000005
1586305030.3791442,39.851497659154695,116.28603941207041,-82.558800000000005
1586305030.8223484,39.851506928745941,116.28603769383059,-82.351200000000006
1586305031.2391934,39.851515893964297,116.28603605556609,-82.165499999999994
1586305031.6557946,39.851524805465893,116.28603437957106,-82.091200000000001
1586305032.0770435,39.851533798692429,116.28603270056315,-82.242000000000004
1586305032.5040395,39.851542834371088,116.28603112447162,-82.6768
1586305032.9466307,39.851552045076296,116.28602952570306,-83.610799999999998
1586305033.3838813,39.851561287868023,116.28602813789803,-85.660899999999998
1586305033.825948,39.851570599138981,116.28602730470857,-89.038300000000007
0,39.851592599999996,116.2860242,0
2,13,31,12345
0,39.851196899999998,116.2860822,0
1587430887.0870857,39.851187899999999,116.2860838,94.701999999999998
1587430887.9938858,39.8511788,116.2860853,94.703999999999994
1587430888.9124866,39.851169800000001,116.2860869,94.775999999999996
1587430889.8319151,39.851160700000001,116.28608850000001,95.052000000000007
1587430890.7729568,39.851151600000001,116.28609,94.665000000000006
1587430891.6500561,39.851142500000002,116.2860915,94.641999999999996
1587430892.5517151,39.851133500000003,116.28609299999999,94.578999999999994
1587430893.4537001,39.851124400000003,116.28609400000001,94.641000000000005
1587430894.3719873,39.851115399999998,116.2860951,94.387
1587430895.3116202,39.851106199999997,116.28609609999999,94.174000000000007
1587430896.1749368,39.851097099999997,116.2860974,94.096999999999994
1587430897.0520144,39.851088099999998,116.28609899999999,94.048000000000002
1587430897.9699981,39.8510791,116.2861005,94.141000000000005
1587430898.8923547,39.851070100000001,116.2861017,93.968000000000004
1587430899.7886767,39.851061000000001,116.28610310000001,94.076999999999998
1587430900.7110143,39.851052000000003,116.2861048,93.954999999999998
1587430901.6493707,39.851042999999997,116.2861061,93.885999999999996
1587430902.572356,39.851033999999999,116.2861073,93.658000000000001
1587430903.4954596,39.851024899999999,116.2861083,93.810000000000002
1587430904.4318888,39.851015799999999,116.2861094,94.572000000000003
1587430905.3555267,39.8510068,116.2861106,95.531000000000006
1587430906.2536237,39.850997800000002,116.28611170000001,95.704999999999998
1587430907.1720371,39.850988800000003,116.28611309999999,95.894000000000005
1587430908.0531065,39.850979799999998,116.28611479999999,96.034999999999997
1587430908.9511108,39.8509709,116.2861166,96.343000000000004
1587430909.8745129,39.850962000000003,116.28611840000001,96.170000000000002
1587430910.7524965,39.850952999999997,116.28611979999999,96.224999999999994
1587430911.6559873,39.850943999999998,116.28612149999999,96.281999999999996
1587430912.5958817,39.850935,116.2861229,96.335999999999999
0,39.850917099999997,116.2861262,0
4,18,62,12345
0,39.851179199999997,116.287002,0
1587430695.3034565,39.8511782,116.28699020000001,5.9180000000000001
1587430696.3458285,39.851176600000002,116.2869785,6.9950000000000001
1587430697.3474514,39.8511752,116.28696669999999,7.4000000000000004
1587430698.2463312,39.851174,116.2869549,7.4710000000000001
1587430699.1242373,39.851173199999998,116.2869431,7.5620000000000003
1587430700.0642569,39.851172200000001,116.28693130000001,7.6710000000000003
1587430700.9626107,39.851170799999998,116.2869195,7.5220000000000002
1587430701.8660479,39.8511691,116.2869077,7.5919999999999996
1587430702.7078557,39.851167699999998,116.2868959,7.3810000000000002
1587430703.5700188,39.8511667,116.286884,7.5010000000000003
1587430704.4071796,39.851165399999999,116.28687239999999,7.0129999999999999
1587430705.265794,39.851163900000003,116.28686070000001,6.9870000000000001
1587430706.1280465,39.851162799999997,116.2868489,6.798
1587430707.0060096,39.851161599999998,116.2868371,6.6790000000000003
1587430707.842499,39.851160399999998,116.2868253,5.7160000000000002
1587430708.7050481,39.851159500000001,116.2868136,5.2939999999999996
1587430709.5670259,39.8511588,116.28680180000001,5.0499999999999998
1587430710.4497001,39.851157899999997,116.28679,6.2539999999999996
1587430711.3067448,39.851156699999997,116.28677829999999,7.8499999999999996
1587430712.1694067,39.851155499999997,116.28676660000001,7.4199999999999999
1587430713.0059183,39.851154299999997,116.28675490000001,6.5490000000000004
1587430713.8686094,39.8511533,116.2867431,6.4160000000000004
1587430714.7872562,39.851151899999998,116.28673139999999,6.0039999999999996
1587430715.6661024,39.851150699999998,116.28671970000001,5.8760000000000003
1587430716.5236931,39.851149999999997,116.2867079,5.2469999999999999
1587430717.4059868,39.851149300000003,116.2866961,5.157
1587430718.2850533,39.851148500000001,116.2866844,5.1550000000000002
1587430719.1270077,39.851147599999997,116.2866727,4.9749999999999996
1587430719.9644883,39.851146499999999,116.28666080000001,5.0220000000000002
1587430720.8425868,39.851145699999996,116.286649,4.6829999999999998
1587430721.7463286,39.851144900000001,116.28663709999999,5.0700000000000003
1587430722.6448431,39.851143999999998,116.2866253,5.319
1587430723.5276966,39.851143,116.28661339999999,6.2450000000000001
1587430724.42693,39.851142199999998,116.28660170000001,6.5430000000000001
1587430725.3249493,39.851141499999997,116.28659,7.1429999999999998
1587430726.2278638,39.851140800000003,116.28657819999999,7.4809999999999999
1587430727.0855846,39.851139400000001,116.2865666,7.5410000000000004
1587430727.9222841,39.851137999999999,116.28655500000001,6.8120000000000003
1587430728.8056762,39.851136799999999,116.2865432,6.5709999999999997
1587430729.6831012,39.851135900000003,116.2865315,6.5599999999999996
1587430730.5422051,39.851134899999998,116.2865197,6.5469999999999997
1587430731.4246776,39.851133799999999,116.2865079,6.3090000000000002
1587430732.2862327,39.851132800000002,116.286496,6.4589999999999996
1587430733.1655822,39.851131100000003,116.28648440000001,6.4189999999999996
1587430734.0015323,39.851129399999998,116.2864728,6.3600000000000003
1587430734.8892651,39.851128299999999,116.2864611,6.4790000000000001
1587430735.7461717,39.851127099999999,116.2864493,6.383
1587430736.6252739,39.851126399999998,116.28643750000001,6.2960000000000003
1587430737.4819281,39.851125500000002,116.2864257,5.9640000000000004
1587430738.3637652,39.851124499999997,116.28641380000001,6.0739999999999998
1587430739.20438,39.851123299999998,116.286402,5.8010000000000002
1587430740.1078126,39.851122500000002,116.28639010000001,5.9589999999999996
1587430740.948694,39.851121900000003,116.2863784,5.7759999999999998
1587430741.7889647,39.851120999999999,116.2863667,5.7629999999999999
1587430742.6467783,39.851120000000002,116.286355,5.6029999999999998
1587430743.5028942,39.851119500000003,116.2863431,5.4400000000000004
1587430744.3846037,39.851119199999999,116.2863313,5.7510000000000003
1587430745.2668931,39.851118800000002,116.2863193,5.6070000000000002
1587430746.1860378,39.851118100000001,116.2863074,5.5289999999999999
1587430747.1244025,39.851116900000001,116.2862956,5.4720000000000004
0,39.851117100000003,116.2862858,0
5,16,31,12345
0,39.851073800000002,116.2871394,0
1587430547.6647205,39.8510828,116.28713810000001,-84.084000000000003
1587430548.5023205,39.8510919,116.28713639999999,-84.201999999999998
1587430549.36532,39.851101,116.28713500000001,-84.057000000000002
1587430550.2031202,39.851109999999998,116.2871337,-84.164000000000001
1587430551.1278303,39.851119099999998,116.2871324,-84.096999999999994
1587430552.0050166,39.851128199999998,116.287131,-84.099000000000004
1587430552.8260639,39.851137100000003,116.2871293,-84.289000000000001
1587430553.6471915,39.851146100000001,116.2871279,-84.162000000000006
1587430554.5054243,39.8511551,116.28712659999999,-84.415000000000006
1587430555.3889265,39.851164199999999,116.2871257,-84.082999999999998
1587430556.2670627,39.851173199999998,116.28712520000001,-83.608000000000004
1587430557.1453326,39.851182199999997,116.2871239,-82.593000000000004
1587430558.0292189,39.851191100000001,116.2871222,-81.861999999999995
1587430558.8876634,39.851199999999999,116.28712040000001,-81.557000000000002
1587430559.7295437,39.851208999999997,116.2871186,-81.817999999999998
1587430560.5880806,39.851217900000002,116.28711680000001,-82.236000000000004
1587430561.4305396,39.8512269,116.2871153,-82.584000000000003
1587430562.3040423,39.851236,116.28711389999999,-83.454999999999998
1587430563.1671071,39.8512451,116.2871126,-83.825999999999993
1587430564.0302427,39.8512542,116.2871111,-83.885999999999996
1587430564.8831086,39.851263299999999,116.2871098,-84.042000000000002
1587430565.7457166,39.851272399999999,116.2871085,-83.965999999999994
1587430566.6082044,39.851281399999998,116.2871071,-83.885999999999996
1587430567.4666889,39.851290400000003,116.28710580000001,-83.703000000000003
1587430568.3245115,39.851299500000003,116.2871045,-83.125
1587430569.2289772,39.851308500000002,116.2871037,-82.807000000000002
1587430570.1270642,39.8513175,116.2871023,-81.352000000000004
1587430570.989773,39.851326499999999,116.2871004,-81.016000000000005
1587430571.8267803,39.851335499999998,116.287098,-81.191999999999993
0,39.851356199999998,116.2870968,0
5,4,21,12345
0,39.851073800000002,116.2871394,0
1587431196.6951735,39.851087800000002,116.28713620000001,-86.079999999999998
1587431198.0754342,39.851096800000001,116.28713519999999,-86.025000000000006
1587431199.3323462,39.851105799999999,116.2871341,-86.872
1587431200.5734563,39.851114799999998,116.2871336,-87.682000000000002
1587431201.8733842,39.851123899999997,116.28713329999999,-87.442999999999998
1587431203.1912675,39.851132900000003,116.2871323,-82.575000000000003
1587431204.4935961,39.851141900000002,116.2871303,-69.087999999999994
1587431205.7549393,39.851150199999999,116.2871257,-56.131999999999998
1587431207.0361626,39.851157200000003,116.2871183,-43.561999999999998
1587431208.3141406,39.851163200000002,116.28710940000001,-37.712000000000003
1587431209.6113589,39.851168899999998,116.2871001,-35.622999999999998
1587431210.9497435,39.851173799999998,116.2870901,-24.300999999999998
1587431212.268146,39.851176899999999,116.28707900000001,-12.744999999999999
1587431213.5468183,39.851178699999998,116.28706750000001,-4.1500000000000004
1587431214.8102772,39.851179199999997,116.2870557,-3.0680000000000001
1587431216.0303483,39.851180100000001,116.28704399999999,-2.577
1587431217.2695622,39.851180399999997,116.2870321,-1.302
1587431218.5297053,39.851180200000002,116.2870202,4.6509999999999998
1587431219.7086756,39.851179500000001,116.2870085,6.5090000000000003
0,39.851179199999997,116.287002,0
6,5,22,12345
0,39.850884200000003,116.28715099999999,0
1587430529.1826534,39.850892999999999,116.2871535,-98.882999999999996
1587430530.1438401,39.850901899999997,116.287156,-97.469999999999999
1587430531.0635264,39.850911000000004,116.2871573,-96.649000000000001
1587430531.9824352,39.850920000000002,116.28715819999999,-95.225999999999999
1587430532.8860843,39.850929100000002,116.2871586,-91.762
1587430533.7598746,39.8509381,116.287159,-89.557000000000002
1587430534.6430895,39.8509472,116.287159,-85.918000000000006
1587430535.5462863,39.8509563,116.2871581,-83.567999999999998
1587430536.4456425,39.8509654,116.2871567,-82.744
1587430537.3033638,39.850974399999998,116.28715529999999,-82.346999999999994
1587430538.1406598,39.850983399999997,116.2871533,-82.313000000000002
1587430539.024292,39.850992400000003,116.2871511,-82.299999999999997
1587430539.9636214,39.851001400000001,116.2871488,-83.188999999999993
1587430540.8058314,39.8510104,116.28714650000001,-83.272000000000006
1587430541.648279,39.851019399999998,116.2871458,-83.534000000000006
1587430542.4857588,39.851028499999998,116.2871454,-83.655000000000001
1587430543.3231277,39.851037599999998,116.2871446,-83.844999999999999
1587430544.1659667,39.851046599999997,116.2871437,-83.879999999999995
1587430545.0234208,39.851055600000002,116.2871423,-83.980000000000004
1587430545.9023154,39.851064700000002,116.28714069999999,-84.007999999999996
0,39.851073800000002,116.2871394,0
7,6,37,12345
0,39.850812900000001,116.2867588,0
1587430496.5005496,39.850814700000001,116.28676919999999,-178.018
1587430497.4202137,39.850814999999997,116.2867811,177.977
1587430498.3439891,39.850814900000003,116.28679289999999,177.51900000000001
1587430499.3189762,39.850814800000002,116.2868048,-178.49600000000001
1587430500.2169085,39.850815599999997,116.2868165,-174.899
1587430501.1973386,39.850816700000003,116.2868283,-173.99299999999999
1587430502.1217186,39.850817499999998,116.28684,-173.512
1587430503.0202217,39.850818400000001,116.2868517,-173.19499999999999
1587430503.9398377,39.850819399999999,116.2868635,-172.90799999999999
1587430504.8802481,39.850820800000001,116.2868752,-173.02799999999999
1587430505.7584922,39.8508219,116.28688699999999,-172.91999999999999
1587430506.661813,39.850822999999998,116.28689869999999,-172.89599999999999
1587430507.5603085,39.850824099999997,116.2869105,-172.84700000000001
1587430508.4806991,39.850825100000002,116.2869223,-173.029
1587430509.4003582,39.850826499999997,116.286934,-173.221
1587430510.2995455,39.850828,116.2869456,-173.13300000000001
1587430511.2433074,39.850829500000003,116.2869573,-173.41800000000001
1587430512.1194587,39.8508304,116.286969,-173.94499999999999
1587430513.0655334,39.850831200000002,116.2869809,-175.28
1587430513.9842024,39.850832099999998,116.2869927,-177.56999999999999
1587430514.8617284,39.8508323,116.2870047,-179.35900000000001
1587430515.7601211,39.850832699999998,116.28701649999999,179.738
1587430516.638267,39.850832500000003,116.2870283,179.24000000000001
1587430517.5059633,39.8508323,116.2870403,178.876
1587430518.3842325,39.850832199999999,116.2870521,179.63800000000001
1587430519.2417681,39.850832400000002,116.28706390000001,-177.578
1587430520.1405039,39.850833600000001,116.28707559999999,-172.857
1587430521.0591304,39.850835199999999,116.2870874,-165.316
1587430521.9428155,39.8508377,116.2870988,-157.15000000000001
1587430522.8217852,39.850841099999997,116.2871097,-147.75700000000001
1587430523.7662382,39.850846599999997,116.28711920000001,-138.99000000000001
1587430524.684993,39.850852799999998,116.28712779999999,-129.03200000000001
1587430525.5840299,39.850860099999998,116.2871348,-123.661
1587430526.5655034,39.850867700000002,116.28714119999999,-122.26000000000001
1587430527.5034215,39.850875700000003,116.2871468,-115.125
0,39.850884200000003,116.28715099999999,0
8,7,24,12345
0,39.850645800000002,116.2866872,0
1587430474.6189437,39.850654900000002,116.2866861,-84.701999999999998
1587430475.5940194,39.850663900000001,116.2866847,-83.519999999999996
1587430476.5999432,39.850672799999998,116.286683,-81.219999999999999
1587430477.554507,39.850681799999997,116.286681,-79.349000000000004
1587430478.4783924,39.850690700000001,116.2866787,-78.468000000000004
1587430479.397182,39.8506997,116.2866762,-78.275999999999996
1587430480.3358903,39.850708599999997,116.2866736,-77.902000000000001
1587430481.2601836,39.850717500000002,116.2866709,-77.575000000000003
1587430482.2203293,39.850726299999998,116.28666819999999,-77.504999999999995
1587430483.1801159,39.850735299999997,116.28666579999999,-78.569000000000003
1587430484.1959848,39.850744300000002,116.28666339999999,-83.379000000000005
1587430485.1560037,39.850753300000001,116.28666269999999,-97.814999999999998
1587430486.137336,39.8507623,116.28666440000001,-109.851
1587430487.0968733,39.850770599999997,116.286669,-121.42700000000001
1587430488.0213251,39.850778200000001,116.2866753,-130.74600000000001
1587430488.9767742,39.850785100000003,116.28668330000001,-142.70699999999999
1587430489.9575045,39.8507903,116.286693,-152.81800000000001
1587430490.8405111,39.850794499999999,116.28670339999999,-155.018
1587430491.755441,39.850798599999997,116.286714,-155.74600000000001
1587430492.7357178,39.850802399999999,116.2867248,-156.44399999999999
1587430493.6758168,39.850805999999999,116.2867356,-157.06899999999999
1587430494.6405928,39.850809400000003,116.2867466,-159.13800000000001
0,39.850812900000001,116.2867588,0
9,8,27,12345
0,39.850402199999998,116.2867057,0
1587430451.5969589,39.850419600000002,116.2867128,-99.311000000000007
1587430452.5516851,39.850428600000001,116.2867147,-97.853999999999999
1587430453.5739324,39.850437700000001,116.286716,-95.257999999999996
1587430454.5132911,39.8504468,116.2867164,-87.131
1587430455.4535022,39.8504559,116.28671540000001,-84.111999999999995
1587430456.3367763,39.850464899999999,116.2867141,-82.969999999999999
1587430457.2755461,39.850473999999998,116.28671249999999,-82.207999999999998
1587430458.1381879,39.850482999999997,116.2867109,-81.778999999999996
1587430458.9748311,39.850491900000002,116.28670889999999,-82.036000000000001
1587430459.8342159,39.8505009,116.28670700000001,-83.093999999999994
1587430460.696636,39.850509899999999,116.2867056,-83.454999999999998
1587430461.5794024,39.850518999999998,116.2867042,-83.879999999999995
1587430462.477675,39.850527999999997,116.28670289999999,-84.307000000000002
1587430463.350553,39.850537099999997,116.28670150000001,-84.579999999999998
1587430464.2126551,39.850546199999997,116.2867002,-84.900999999999996
1587430465.0546196,39.850555300000003,116.2866988,-84.939999999999998
1587430465.9132733,39.850564400000003,116.2866975,-85.100999999999999
1587430466.7749503,39.850573400000002,116.2866966,-85.158000000000001
1587430467.6324182,39.850582500000002,116.28669530000001,-85.183000000000007
1587430468.5150132,39.850591600000001,116.28669410000001,-85.201999999999998
1587430469.377347,39.8506006,116.286693,-85.174000000000007
1587430470.2351513,39.850609599999999,116.28669189999999,-85.438000000000002
1587430471.0567322,39.850618599999997,116.2866908,-85.239999999999995
1587430471.9343667,39.850627699999997,116.2866896,-85.459000000000003
1587430472.8375781,39.850636799999997,116.28668829999999,-85.257000000000005
0,39.850645800000002,116.2866872,0
